allele1;allele2;locus;serological_group;ePO_HLAthena;MFI_c
A*29:02;A*31:01;A;Mixed;3.0;0.6570163141494889
A*29:02;A*33:01;A;Mixed;2.0;0.6778034312521187
A*29:02;A*33:03;A;Mixed;3.0;0.7013197356095192
A*29:02;A*74:01;A;Mixed;1.0;0.7074034278549938
B*07:02;B*40:06;B;Mixed;2.0;0.7976678927250345
B*08:01;B*18:01;B;Mixed;0.0;0.6763742236817816
B*08:01;B*54:01;B;Mixed;5.0;0.6466464047187445
B*13:02;B*44:03;B;Mixed;4.0;0.629103839867876
B*14:02;B*35:01;B;Mixed;1.0;0.6361883614425051
B*15:01;B*50:01;B;Mixed;0.0;0.8743522020844277
B*15:02;B*50:01;B;Mixed;0.0;0.7917507230468359
B*15:10;B*18:01;B;Mixed;5.0;0.7552870364370926
B*15:10;B*35:01;B;Mixed;3.0;0.8929833220106769
B*15:10;B*46:01;B;Mixed;3.0;0.628495852433359
B*15:10;B*49:01;B;Mixed;3.0;0.6430437133922807
B*15:10;B*50:01;B;Mixed;3.0;0.8625578300723246
B*15:10;B*54:01;B;Mixed;3.0;0.647661628403778
B*27:05;B*40:01;B;Mixed;5.0;0.6893996350672463
B*27:05;B*40:06;B;Mixed;5.0;0.694683387483955
B*35:01;B*50:01;B;Mixed;0.0;0.7656126568607581
B*35:01;B*52:01;B;Mixed;1.0;0.6702194164796964
B*37:01;B*51:01;B;Mixed;3.0;0.6876501540027964
B*37:01;B*53:01;B;Mixed;1.0;0.7372798028000348
B*40:01;B*54:01;B;Mixed;3.0;0.6296040275796266
B*40:01;B*55:01;B;Mixed;0.0;0.6779734585104389
B*40:01;B*56:01;B;Mixed;2.0;0.6549040194313893
B*49:01;B*57:01;B;Mixed;3.0;0.6423965290224954
