allele1;allele2;locus;serological_group;ePO_HLAthena;MFI_c
A*01:01;A*30:02;A;Mixed;76.0;0.3631297349382302
A*02:01;A*03:01;A;Mixed;63.0;0.33198561931731
A*02:01;A*32:01;A;Mixed;71.0;0.2854206403442273
A*02:06;A*11:01;A;Mixed;59.0;0.3353312802112641
A*02:06;A*32:01;A;Mixed;49.0;0.2882290072375674
A*24:02;A*29:02;A;Mixed;54.0;0.3654583332925275
B*07:02;B*35:01;B;Mixed;51.0;0.3693709385272453
B*07:02;B*53:01;B;Mixed;80.0;0.2465085479789245
B*14:02;B*27:05;B;Mixed;44.0;0.3248864616055502
B*18:01;B*44:02;B;Mixed;99.0;0.3076037804611877
B*18:01;B*44:03;B;Mixed;113.0;0.3131302111938053
B*37:01;B*40:02;B;Mixed;128.0;0.3838767395553769
B*37:01;B*40:06;B;Mixed;46.0;0.3794847278336564
B*42:01;B*51:01;B;Mixed;81.0;0.3121381467307316
B*42:01;B*53:01;B;Mixed;153.0;0.2906658677814342
B*51:01;B*55:01;B;Mixed;73.0;0.3720501912733644
